resume_text,role
numpy statistics pandas learning business learner quick machine hardworking random python analysis text,Data Scientist
team hardworking player machine learning pandas,Data Scientist
pandas javascript learning statistics management machine html communication python css,Data Scientist
numpy html analysis random leadership javascript business statistics management css text,Data Scientist
html python pandas javascript css management hardworking statistics,Data Scientist
css business html python learning analysis leadership pandas text management machine statistics random javascript,Data Scientist
communication learning pandas leadership python statistics machine numpy,Data Scientist
numpy hardworking statistics leadership pandas machine learning,Data Scientist
random pandas numpy python analysis text learning machine statistics hardworking business communication,Data Scientist
leadership numpy management,Data Scientist
numpy python communication quick pandas statistics learner,Data Scientist
analysis random learner machine management learning quick javascript text css business html,Data Scientist
css javascript hardworking python leadership html,Data Scientist
learner python numpy management quick,Data Scientist
quick css numpy learning javascript learner html statistics management machine python pandas,Data Scientist
business analysis communication statistics random player text team,Data Scientist
quick random text learner hardworking analysis business numpy,Data Scientist
numpy analysis leadership random machine learning communication text python business,Data Scientist
communication hardworking python javascript html css,Data Scientist
python statistics hardworking learning learner quick machine,Data Scientist
player team pandas management,Data Scientist
learner analysis quick random communication python statistics text business,Data Scientist
css team html analysis pandas business leadership statistics machine learning player random text javascript,Data Scientist
statistics numpy pandas leadership python management machine learning,Data Scientist
statistics leadership pandas management numpy python,Data Scientist
business random statistics analysis team learning leadership python numpy machine pandas player text,Data Scientist
learning random python text numpy business statistics hardworking analysis communication machine,Data Scientist
random numpy pandas learner quick html hardworking text css python javascript analysis business,Data Scientist
python statistics numpy machine player learning pandas team leadership,Data Scientist
management statistics pandas machine hardworking learning,Data Scientist
quick html css javascript random business analysis learning hardworking text learner machine,Data Scientist
learning statistics random management numpy pandas business machine leadership python text analysis,Data Scientist
css html pandas player team learner python statistics numpy quick javascript,Data Scientist
machine learner team python player pandas quick learning,Data Scientist
learning numpy management python quick machine learner pandas,Data Scientist
statistics machine text management leadership python analysis numpy pandas business random learning,Data Scientist
pandas html css learner leadership javascript quick statistics,Data Scientist
python communication pandas management,Data Scientist
css numpy random statistics management html business analysis javascript leadership text pandas python,Data Scientist
hardworking pandas random business analysis management text numpy,Data Scientist
machine leadership business communication text analysis numpy learning random,Data Scientist
css html pandas machine javascript leadership numpy learning communication,Data Scientist
pandas player numpy management team machine learning statistics,Data Scientist
css numpy analysis team business learner random text html machine pandas learning player statistics javascript quick python,Data Scientist
communication numpy leadership statistics pandas,Data Scientist
random management numpy analysis text quick business learner,Data Scientist
business analysis python learner statistics numpy learning quick machine text random management,Data Scientist
machine leadership python hardworking learning pandas statistics numpy,Data Scientist
business css analysis html random numpy python learner machine pandas quick learning text javascript hardworking,Data Scientist
communication machine leadership learning,Data Scientist
machine html pandas communication team learning css statistics player javascript numpy,Data Scientist
text business communication quick pandas learner random analysis,Data Scientist
team business analysis leadership player random text python,Data Scientist
learning javascript management statistics css numpy machine html leadership pandas,Data Scientist
leadership text business html python analysis statistics random javascript css machine hardworking learning,Data Scientist
learning statistics css javascript communication html pandas numpy hardworking machine,Data Scientist
statistics machine python communication leadership numpy learning pandas,Data Scientist
pandas communication management machine learning statistics,Data Scientist
pandas python business statistics text analysis leadership random hardworking,Data Scientist
learning hardworking analysis pandas business statistics random python team machine text player,Data Scientist
html javascript player css statistics python management pandas team,Data Scientist
business random analysis javascript management css html pandas quick learner text,Data Scientist
numpy management learning communication statistics python machine,Data Scientist
python pandas numpy html javascript communication css management,Data Scientist
player pandas communication team,Data Scientist
javascript leadership hardworking css machine learning html,Data Scientist
text business quick css javascript html python communication analysis random learner,Data Scientist
numpy machine management learning statistics pandas hardworking,Data Scientist
machine analysis numpy quick random learning business text pandas leadership learner,Data Scientist
analysis player random machine business team management learning text,Data Scientist
python hardworking leadership,Data Scientist
python player team leadership numpy,Data Scientist
learner business analysis quick text random leadership numpy statistics,Data Scientist
html javascript communication statistics css hardworking,Data Scientist
pandas python management leadership,Data Scientist
numpy team statistics player quick learner,Data Scientist
html css leadership javascript hardworking statistics,Data Scientist
learner numpy analysis quick text random pandas business hardworking,Data Scientist
communication team numpy player pandas,Data Scientist
team javascript analysis text random css quick learner player html learning machine business,Data Scientist
quick random analysis text python management html business css learner javascript,Data Scientist
statistics javascript python pandas random business text analysis css leadership management html,Data Scientist
css management player analysis team machine html numpy text random business learning javascript,Data Scientist
machine learning management player python pandas numpy team,Data Scientist
python statistics numpy leadership hardworking pandas,Data Scientist
quick learning python statistics machine management numpy learner,Data Scientist
pandas python statistics machine numpy player team learning management,Data Scientist
learner text machine python statistics communication analysis numpy quick random learning business pandas,Data Scientist
team hardworking random pandas text player analysis business,Data Scientist
learner management machine text business random pandas analysis quick learning,Data Scientist
analysis team leadership machine player business numpy javascript html text learning python css pandas random,Data Scientist
quick statistics machine hardworking pandas learner learning,Data Scientist
python numpy pandas leadership learning statistics analysis quick random text business machine learner,Data Scientist
text numpy business learning learner communication random statistics machine quick analysis python,Data Scientist
pandas analysis python player business random quick learner statistics numpy text team,Data Scientist
business leadership machine learner statistics python text learning numpy pandas random quick analysis,Data Scientist
numpy player analysis random machine text business team python learning hardworking,Data Scientist
hardworking analysis text random business learning machine management python,Data Scientist
javascript analysis learning pandas leadership text random css numpy machine html business management,Data Scientist
numpy hardworking random learning pandas python text leadership analysis business machine,Data Scientist
management javascript css css python quick javascript learner html,Web Developer
communication javascript node leadership python react css html,Web Developer
hardworking random business node management analysis react css text,Web Developer
text react business hardworking random leadership analysis,Web Developer
player communication python team css javascript,Web Developer
random analysis text business leadership hardworking html,Web Developer
python javascript node team management react analysis text player business html css random,Web Developer
management quick javascript random node text learner react business python analysis,Web Developer
javascript team react javascript player html hardworking css,Web Developer
team player html css javascript communication css javascript,Web Developer
player learner javascript python team quick,Web Developer
css react quick node learner hardworking javascript html python,Web Developer
css business python leadership random html player css javascript analysis text team html,Web Developer
analysis quick text learner communication business random html,Web Developer
analysis html hardworking random css react python business text leadership,Web Developer
python hardworking react javascript css node html communication,Web Developer
python business management analysis react random team player text,Web Developer
communication python html javascript hardworking css react,Web Developer
analysis business random text team react leadership player html,Web Developer
css html team html javascript business learner player quick analysis random text,Web Developer
management node learner quick,Web Developer
html management html analysis business javascript css communication text random python react,Web Developer
hardworking react node css business team javascript analysis random player python text,Web Developer
analysis html random css business hardworking react javascript text management,Web Developer
business analysis node python text hardworking random management,Web Developer
management html team node python player,Web Developer
analysis html javascript text business random react management learner quick,Web Developer
learner leadership python node react quick html css,Web Developer
python communication react text team player javascript analysis html random business node,Web Developer
learner quick html node css javascript javascript communication html,Web Developer
javascript analysis css random business text quick html learner node javascript management,Web Developer
html html javascript text business analysis learner team quick javascript css python node random player,Web Developer
python leadership random analysis html business communication javascript react text,Web Developer
javascript player team hardworking react html,Web Developer
text html random quick javascript management business node learner analysis python,Web Developer
business node html react text management communication analysis random css,Web Developer
learner react quick player team css,Web Developer
css hardworking node python business text random react analysis javascript management,Web Developer
management business javascript hardworking python react text node css random html analysis,Web Developer
node html javascript quick random team analysis business player learner text python,Web Developer
communication quick text css node react learner random business analysis,Web Developer
hardworking business random quick analysis text learner html javascript,Web Developer
analysis react python quick text random hardworking business node learner,Web Developer
node react team html hardworking player python javascript css,Web Developer
node hardworking javascript communication html,Web Developer
python random hardworking business text css html analysis react communication,Web Developer
business text random communication html management analysis,Web Developer
javascript javascript quick css leadership html learner,Web Developer
learner node html python css react quick javascript hardworking,Web Developer
html team css react hardworking node javascript player,Web Developer
css hardworking management javascript,Web Developer
text node analysis css html business random communication leadership,Web Developer
react quick html learner javascript communication,Web Developer
random management javascript leadership analysis html business text,Web Developer
communication management python,Web Developer
react python hardworking management,Web Developer
analysis css python player team text business leadership react random,Web Developer
react python leadership javascript html player team node,Web Developer
css html team player javascript python hardworking,Web Developer
leadership business css communication react analysis text node javascript random html python,Web Developer
html javascript html team css player management javascript,Web Developer
html analysis css css random text leadership javascript business communication javascript,Web Developer
random team text react business html javascript player analysis python node css management css,Web Developer
python communication business react node text random css analysis leadership,Web Developer
javascript node management css react hardworking html python,Web Developer
random html css text quick analysis communication react learner business,Web Developer
react text node leadership python quick analysis random javascript business html learner css,Web Developer
business random quick analysis html communication text learner,Web Developer
random leadership business analysis text html python management node css,Web Developer
css html javascript css node python react javascript hardworking html management,Web Developer
communication javascript random html analysis text python leadership css business,Web Developer
text quick random management analysis css learner python html html business javascript,Web Developer
react learner business management analysis text random quick,Web Developer
python leadership javascript player html team react node,Web Developer
html player css team html css quick learner javascript,Web Developer
leadership react hardworking javascript css javascript html python css html,Web Developer
javascript python html business learner node css analysis management html random css quick text,Web Developer
python css javascript html management random analysis player text business team,Web Developer
learner react html node css leadership quick python,Web Developer
team react text css html node random leadership javascript business css player analysis,Web Developer
javascript html css communication hardworking,Web Developer
react player leadership html team,Web Developer
python javascript leadership css node react player html team,Web Developer
python hardworking react team player html,Web Developer
css html python javascript node react hardworking management html javascript,Web Developer
business quick analysis node hardworking html text random python javascript css react learner,Web Developer
javascript random analysis quick learner css business text javascript html hardworking css,Web Developer
business player react node text random analysis javascript team management,Web Developer
css communication javascript css react python node learner html quick html,Web Developer
python node html leadership random html react javascript business javascript communication css analysis text,Web Developer
communication css node team html react player javascript,Web Developer
text leadership javascript random analysis communication business,Web Developer
hardworking quick css html learner,Web Developer
management html css react team player node python,Web Developer
team react html node player css management python,Web Developer
node react css javascript python team player leadership,Web Developer
html random node javascript business python html css css leadership analysis react communication text javascript,Web Developer
node css business text python analysis management leadership javascript javascript html random,Web Developer
business hardworking node css analysis random html text react leadership,Web Developer
node team communication html react player css,Web Developer
leadership learner python quick c++,Software Engineer
quick random data structures leadership business text java learner javascript analysis html css,Software Engineer
hardworking structures python management data,Software Engineer
java html javascript business text player css random leadership team analysis,Software Engineer
python oop html quick data c++ algorithms javascript learner player structures team css,Software Engineer
python team data text java player business analysis structures hardworking random,Software Engineer
player python html data hardworking java algorithms team structures javascript css,Software Engineer
html javascript management structures css oop player team data algorithms java,Software Engineer
text hardworking management analysis random c++ business,Software Engineer
communication oop c++ css javascript java html python algorithms team player,Software Engineer
javascript oop html communication css leadership,Software Engineer
team player c++ javascript algorithms html communication data css oop python structures,Software Engineer
data learner quick team java c++ structures oop player python algorithms,Software Engineer
hardworking css leadership java javascript algorithms oop c++ html python,Software Engineer
random leadership java business management algorithms analysis c++ text,Software Engineer
text random business data analysis python c++ team player learner java structures quick,Software Engineer
structures team java hardworking player python c++ oop data,Software Engineer
data hardworking algorithms leadership python c++ structures,Software Engineer
analysis html java team business player text python leadership css c++ javascript random,Software Engineer
algorithms hardworking oop management,Software Engineer
algorithms learner leadership quick,Software Engineer
hardworking team random text css business analysis python oop html player javascript,Software Engineer
oop random algorithms analysis hardworking quick text learner data structures java python business c++,Software Engineer
c++ python business team text analysis java oop structures leadership data random player,Software Engineer
python management oop java learner quick,Software Engineer
python structures algorithms text management player random analysis team business data,Software Engineer
javascript learner quick leadership css oop business java analysis random html text python,Software Engineer
algorithms learner python structures data java quick analysis c++ text business random oop communication,Software Engineer
data oop algorithms c++ python java team management player structures,Software Engineer
c++ team java algorithms text random communication analysis business player,Software Engineer
structures data oop learner python management quick,Software Engineer
quick python learner analysis c++ leadership business java algorithms data text structures oop random,Software Engineer
algorithms structures java data python text leadership communication business c++ analysis random,Software Engineer
leadership analysis java structures data business learner random quick text,Software Engineer
quick team learner data player structures,Software Engineer
team data java structures html player leadership css c++ javascript,Software Engineer
algorithms structures html css python hardworking oop management javascript data,Software Engineer
java random structures text analysis leadership data business communication,Software Engineer
python css c++ leadership analysis data communication algorithms business structures random javascript html java text oop,Software Engineer
java player team leadership,Software Engineer
oop quick c++ java leadership learner,Software Engineer
player management random analysis business oop c++ text team,Software Engineer
business player python management random text team analysis c++ oop,Software Engineer
algorithms business structures analysis random leadership java python communication text data,Software Engineer
algorithms player team c++ data leadership structures oop,Software Engineer
oop analysis c++ java team business structures python random player algorithms javascript hardworking data css html text,Software Engineer
html css communication analysis business random oop text leadership algorithms javascript python c++,Software Engineer
management hardworking oop python,Software Engineer
communication hardworking c++ python java algorithms structures oop data,Software Engineer
random c++ team business player text analysis hardworking,Software Engineer
team quick text random python javascript player css data learner java analysis html structures business,Software Engineer
quick management algorithms learner,Software Engineer
text player quick algorithms learner python random c++ data structures oop analysis business team java,Software Engineer
player analysis text c++ team leadership random business,Software Engineer
algorithms analysis communication text business player java random team,Software Engineer
management analysis random algorithms text learner quick java business,Software Engineer
python data c++ management algorithms team structures player,Software Engineer
data structures random team business hardworking c++ text player algorithms analysis java python,Software Engineer
random html css management analysis javascript player algorithms text team business,Software Engineer
hardworking c++ leadership,Software Engineer
team leadership player c++ python,Software Engineer
structures hardworking c++ data management,Software Engineer
python management player team oop c++ algorithms structures data java,Software Engineer
css quick learner html javascript data structures management,Software Engineer
c++ structures algorithms random learner oop text quick data analysis management business,Software Engineer
communication java algorithms oop quick python learner,Software Engineer
hardworking c++ learner quick,Software Engineer
css business learner text javascript quick leadership analysis random algorithms html,Software Engineer
random business text player data structures quick c++ oop learner analysis team algorithms python,Software Engineer
team random text player c++ analysis communication business,Software Engineer
business hardworking text random oop python leadership analysis,Software Engineer
hardworking python algorithms java team player,Software Engineer
c++ learner java team text analysis random python business quick player,Software Engineer
quick algorithms player team c++ learner text business java python random oop analysis,Software Engineer
structures management oop css data javascript html algorithms hardworking c++,Software Engineer
communication leadership algorithms,Software Engineer
oop structures data communication team player,Software Engineer
analysis c++ algorithms quick player learner java business random text oop team,Software Engineer
c++ html hardworking oop data algorithms css structures javascript leadership,Software Engineer
text python leadership business analysis random management c++ java,Software Engineer
hardworking python quick oop learner,Software Engineer
management c++ algorithms team java player data structures,Software Engineer
communication data management c++ text java python structures random business analysis oop,Software Engineer
java communication hardworking,Software Engineer
java algorithms learner data structures oop quick python leadership,Software Engineer
python analysis text random business communication oop management,Software Engineer
oop algorithms management leadership random structures business data python analysis java text,Software Engineer
python business oop java data analysis random structures text quick hardworking algorithms learner,Software Engineer
player team hardworking c++,Software Engineer
java team hardworking oop player,Software Engineer
structures python hardworking quick learner oop algorithms data c++,Software Engineer
html oop css javascript java c++ hardworking algorithms leadership,Software Engineer
player html text javascript leadership data business random team structures analysis css,Software Engineer
team c++ communication algorithms python java player,Software Engineer
css learner analysis random management javascript text business oop html quick,Software Engineer
oop quick data c++ structures player learner java team,Software Engineer
random c++ data structures learner quick text java leadership oop business analysis algorithms python,Software Engineer
oop quick structures text html random python analysis learner javascript business algorithms css data management,Software Engineer
learner oop quick data java structures player c++ team,Software Engineer
c++ oop data team random text python management analysis player business algorithms java structures,Software Engineer
